Nome,Peso,Altura,IMC,Data
Nayan,95.0,1.85,27.757487216946675,20230903
Rhaissa,59.0,1.59,23.337684427040067,20230903
Neide,60.0,1.65,22.03856749311295,20230903
Paulo,110.0,1.79,34.331013389095226,20230903
