Nome,Peso,Altura,IMC
Nayan,89.0,1.85,26.00438276113952
Rhaissa,59.0,1.6,23.046875
Paulo,120.0,1.79,37.452014606285694
Neide,60.0,1.64,22.308149910767405
